USE aimall;

SET NAMES utf8mb4;

INSERT INTO `pms_product`
(`id`, `brand_id`, `category_id`, `name`, `pic`, `product_sn`, `delete_status`, `publish_status`, `new_status`, `recommand_status`, `verify_status`, `sort`, `sale`, `price`, `promotion_price`, `gift_point`, `sub_title`, `original_price`, `stock`, `low_stock`, `unit`, `weight`, `keywords`, `brand_name`, `product_category_name`, `description`, `detail_desc`, `detail_html`, `detail_mobile_html`, `create_time`)
VALUES
(1101, 11, 2, 'AIM Study Pad S1', 'https://images.unsplash.com/photo-1544244015-0df4b3ffc6b0?auto=format&fit=crop&w=1200&q=80', 'AIM-PAD-S1', 0, 1, 1, 1, 1, 210, 860, 2199.00, 1999.00, 219, '10.9 inch study tablet for classes and notes', 2399.00, 64, 8, 'item', 0.49, 'tablet,study,pad', 'AIM Tech', 'Tablet', 'High resolution display with stylus support for learning.', 'Good for students, teachers and mobile note taking.', '<p>Study tablet with stylus support.</p>', '<p>Study tablet with stylus support.</p>', NOW()),
(1102, 11, 2, 'AIM Creator Pad S2 Pro', 'https://images.unsplash.com/photo-1587033411391-5d9e51cce126?auto=format&fit=crop&w=1200&q=80', 'AIM-PAD-S2PRO', 0, 1, 1, 1, 1, 209, 540, 3299.00, 3099.00, 329, 'Large screen tablet for sketch and office use', 3599.00, 42, 6, 'item', 0.52, 'tablet,creator,sketch', 'AIM Tech', 'Tablet', 'Large screen tablet for drawing and office tasks.', 'Smooth touch response and large storage capacity.', '<p>Large display tablet for creators.</p>', '<p>Large display tablet for creators.</p>', NOW()),
(1103, 12, 3, 'FeatherBook Air 14', 'https://images.unsplash.com/photo-1496181133206-80ce9b88a853?auto=format&fit=crop&w=1200&q=80', 'AIM-NB-FB14', 0, 1, 1, 1, 1, 208, 1260, 4299.00, 3999.00, 429, 'Light office laptop with 14 inch display', 4599.00, 58, 8, 'item', 1.32, 'laptop,office,light', 'FeatherBook', 'Laptop', 'Portable laptop for office and daily work.', 'Stable battery life and easy to carry.', '<p>Portable office laptop.</p>', '<p>Portable office laptop.</p>', NOW()),
(1104, 12, 3, 'FeatherBook Air 16', 'https://images.unsplash.com/photo-1517336714739-489689fd1ca8?auto=format&fit=crop&w=1200&q=80', 'AIM-NB-FB16', 0, 1, 1, 0, 1, 207, 720, 5299.00, 4999.00, 529, '16 inch laptop for larger workspace', 5599.00, 37, 5, 'item', 1.68, 'laptop,office,large-screen', 'FeatherBook', 'Laptop', 'Large display notebook for spreadsheets and editing.', 'Balanced performance and portability.', '<p>Large screen office notebook.</p>', '<p>Large screen office notebook.</p>', NOW()),
(1105, 13, 3, 'GameStorm G5', 'https://images.unsplash.com/photo-1603302576837-37561b2e2302?auto=format&fit=crop&w=1200&q=80', 'AIM-GAME-G5', 0, 1, 1, 1, 1, 206, 430, 6999.00, 6699.00, 699, 'Gaming laptop with high refresh display', 7499.00, 29, 4, 'item', 2.25, 'gaming,laptop,rtx', 'GameStorm', 'Laptop', 'High performance notebook for games and creation.', 'Strong cooling and smooth display output.', '<p>Gaming notebook with strong cooling.</p>', '<p>Gaming notebook with strong cooling.</p>', NOW()),
(1106, 13, 3, 'GameStorm G7 Max', 'https://images.unsplash.com/photo-1593642634443-44adaa06623a?auto=format&fit=crop&w=1200&q=80', 'AIM-GAME-G7MAX', 0, 1, 1, 0, 1, 205, 260, 8299.00, 7899.00, 829, 'High performance gaming machine', 8799.00, 21, 3, 'item', 2.38, 'gaming,laptop,performance', 'GameStorm', 'Laptop', 'Laptop for heavy gaming and video work.', 'Larger storage and stronger thermal setup.', '<p>High performance gaming laptop.</p>', '<p>High performance gaming laptop.</p>', NOW()),
(1107, 14, 4, 'SoundArc Pods Air', 'https://images.unsplash.com/photo-1606220945770-b5b6c2c55bf1?auto=format&fit=crop&w=1200&q=80', 'AIM-AUDIO-PODS-AIR', 0, 1, 1, 1, 1, 204, 2280, 299.00, 259.00, 29, 'Compact wireless earbuds for commute', 369.00, 180, 20, 'item', 0.04, 'earbuds,wireless,bluetooth', 'SoundArc', 'Audio', 'Compact true wireless earbuds for music and calls.', 'Lightweight case and easy pairing.', '<p>Wireless earbuds for daily commute.</p>', '<p>Wireless earbuds for daily commute.</p>', NOW()),
(1108, 14, 4, 'SoundArc Pods ANC', 'https://images.unsplash.com/photo-1505740420928-5e560c06d30e?auto=format&fit=crop&w=1200&q=80', 'AIM-AUDIO-PODS-ANC', 0, 1, 1, 1, 1, 203, 1720, 499.00, 439.00, 49, 'Noise canceling earbuds with clear calls', 569.00, 133, 15, 'item', 0.05, 'earbuds,anc,wireless', 'SoundArc', 'Audio', 'Wireless earbuds with active noise canceling.', 'Works well for office, subway and calls.', '<p>Noise canceling true wireless earbuds.</p>', '<p>Noise canceling true wireless earbuds.</p>', NOW()),
(1109, 14, 4, 'SoundArc Studio One', 'https://images.unsplash.com/photo-1546435770-a3e426bf472b?auto=format&fit=crop&w=1200&q=80', 'AIM-AUDIO-STUDIO1', 0, 1, 0, 0, 1, 202, 690, 899.00, 829.00, 89, 'Over ear headphone for immersive audio', 999.00, 88, 10, 'item', 0.28, 'headphone,hifi,audio', 'SoundArc', 'Audio', 'Closed back over ear headphone for home and work.', 'Comfortable fit for long listening sessions.', '<p>Over ear headphone for immersive sound.</p>', '<p>Over ear headphone for immersive sound.</p>', NOW()),
(1110, 15, 5, 'Nova X20', 'https://images.unsplash.com/photo-1511707171634-5f897ff02aa9?auto=format&fit=crop&w=1200&q=80', 'AIM-PHONE-NOVAX20', 0, 1, 1, 1, 1, 201, 1840, 2999.00, 2799.00, 299, 'Slim mid range phone with fast charging', 3299.00, 96, 12, 'item', 0.19, 'phone,smartphone,fast-charge', 'Nova', 'Phone', 'Smooth daily phone with large battery.', 'Good for photo, chat and everyday use.', '<p>Reliable smartphone for daily use.</p>', '<p>Reliable smartphone for daily use.</p>', NOW()),
(1111, 15, 5, 'Nova X20 Pro', 'https://images.unsplash.com/photo-1598327105666-5b89351aff97?auto=format&fit=crop&w=1200&q=80', 'AIM-PHONE-NOVAX20PRO', 0, 1, 1, 1, 1, 200, 1260, 3999.00, 3799.00, 399, 'Enhanced camera and faster charging', 4299.00, 74, 10, 'item', 0.20, 'phone,camera,flagship', 'Nova', 'Phone', 'Phone focused on display and camera quality.', 'Great fit for users who care about mobile photography.', '<p>Camera focused smartphone.</p>', '<p>Camera focused smartphone.</p>', NOW()),
(1112, 16, 5, 'PixelWind Fold Lite', 'https://images.unsplash.com/photo-1580910051074-3eb694886505?auto=format&fit=crop&w=1200&q=80', 'AIM-PHONE-FOLDLITE', 0, 1, 1, 0, 1, 199, 360, 5699.00, 5399.00, 569, 'Entry foldable phone with large inside screen', 5999.00, 24, 4, 'item', 0.24, 'phone,foldable,large-screen', 'PixelWind', 'Phone', 'Foldable phone for reading and multitasking.', 'Portable when folded and roomy when opened.', '<p>Foldable smartphone for multitasking.</p>', '<p>Foldable smartphone for multitasking.</p>', NOW()),
(1113, 17, 6, 'FitPulse Watch 2', 'https://images.unsplash.com/photo-1546868871-7041f2a55e12?auto=format&fit=crop&w=1200&q=80', 'AIM-WATCH-FP2', 0, 1, 1, 0, 1, 198, 980, 899.00, 799.00, 89, 'Smart watch with health tracking', 999.00, 117, 12, 'item', 0.05, 'watch,health,fitness', 'FitPulse', 'Wearable', 'Smart watch with heart rate and sleep tracking.', 'Useful for sports and everyday health tracking.', '<p>Smart watch for fitness and health.</p>', '<p>Smart watch for fitness and health.</p>', NOW()),
(1114, 17, 6, 'FitPulse Watch 2 Pro', 'https://images.unsplash.com/photo-1579586337278-3befd40fd17a?auto=format&fit=crop&w=1200&q=80', 'AIM-WATCH-FP2PRO', 0, 1, 1, 1, 1, 197, 730, 1299.00, 1199.00, 129, 'Metal body smart watch with GPS', 1399.00, 81, 10, 'item', 0.06, 'watch,gps,wearable', 'FitPulse', 'Wearable', 'GPS smart watch for running and cycling.', 'Metal body gives a more premium look and feel.', '<p>GPS smart watch with metal body.</p>', '<p>GPS smart watch with metal body.</p>', NOW()),
(1115, 18, 6, 'FitPulse Band Air', 'https://images.unsplash.com/photo-1510017803434-a899398421b3?auto=format&fit=crop&w=1200&q=80', 'AIM-BAND-AIR', 0, 1, 0, 0, 1, 196, 1680, 239.00, 199.00, 23, 'Light fitness band for sleep and step tracking', 299.00, 220, 25, 'item', 0.02, 'band,fitness,sleep', 'FitPulse', 'Wearable', 'Entry fitness band for steps, sleep and reminders.', 'Light to wear and easy to charge.', '<p>Light fitness band for daily tracking.</p>', '<p>Light fitness band for daily tracking.</p>', NOW()),
(1116, 19, 7, 'KeyNova K87', 'https://images.unsplash.com/photo-1511467687858-23d96c32e4ae?auto=format&fit=crop&w=1200&q=80', 'AIM-KEY-K87', 0, 1, 1, 0, 1, 195, 1420, 329.00, 289.00, 32, '87 key mechanical keyboard', 399.00, 146, 18, 'item', 0.82, 'keyboard,mechanical,office', 'KeyNova', 'Accessory', 'Compact keyboard for office and casual gaming.', 'Saves desk space and still feels solid.', '<p>Compact mechanical keyboard.</p>', '<p>Compact mechanical keyboard.</p>', NOW()),
(1117, 19, 7, 'KeyNova K98 Pro', 'https://images.unsplash.com/photo-1615663245857-ac93bb7c39e7?auto=format&fit=crop&w=1200&q=80', 'AIM-KEY-K98PRO', 0, 1, 1, 1, 1, 194, 930, 499.00, 439.00, 49, '98 key hot swap keyboard', 569.00, 102, 15, 'item', 0.94, 'keyboard,hot-swap,mechanical', 'KeyNova', 'Accessory', 'Mechanical keyboard with numpad friendly layout.', 'Useful for workstations and desk setups.', '<p>Hot swap mechanical keyboard.</p>', '<p>Hot swap mechanical keyboard.</p>', NOW()),
(1118, 20, 7, 'Pointer M3', 'https://images.unsplash.com/photo-1527814050087-3793815479db?auto=format&fit=crop&w=1200&q=80', 'AIM-MOUSE-M3', 0, 1, 0, 0, 1, 193, 1860, 129.00, 109.00, 12, 'Dual mode wireless mouse', 159.00, 240, 25, 'item', 0.09, 'mouse,wireless,silent', 'Pointer', 'Accessory', 'Silent wireless mouse with Bluetooth and 2.4G mode.', 'Good for office desks and portable use.', '<p>Wireless mouse for office use.</p>', '<p>Wireless mouse for office use.</p>', NOW()),
(1119, 20, 7, 'Pointer M5 Ergo', 'https://images.unsplash.com/photo-1587829741301-dc798b83add3?auto=format&fit=crop&w=1200&q=80', 'AIM-MOUSE-M5ERGO', 0, 1, 0, 0, 1, 192, 880, 239.00, 209.00, 23, 'Ergonomic wireless mouse', 279.00, 133, 15, 'item', 0.11, 'mouse,ergonomic,office', 'Pointer', 'Accessory', 'Ergonomic mouse for longer work sessions.', 'Helps reduce wrist pressure during extended use.', '<p>Ergonomic mouse for all day work.</p>', '<p>Ergonomic mouse for all day work.</p>', NOW()),
(1120, 21, 7, 'VisionView 24', 'https://images.unsplash.com/photo-1527443224154-c4a3942d3acf?auto=format&fit=crop&w=1200&q=80', 'AIM-DISP-V24', 0, 1, 1, 0, 1, 191, 630, 899.00, 799.00, 89, '24 inch office monitor', 999.00, 75, 10, 'item', 3.80, 'monitor,office,display', 'VisionView', 'Accessory', 'Monitor for office work, online classes and browsing.', 'Slim bezel and eye comfort mode included.', '<p>24 inch office display.</p>', '<p>24 inch office display.</p>', NOW()),
(1121, 21, 7, 'VisionView 27 QHD', 'https://images.unsplash.com/photo-1585792180666-f7347c490ee2?auto=format&fit=crop&w=1200&q=80', 'AIM-DISP-V27QHD', 0, 1, 1, 1, 1, 190, 470, 1699.00, 1499.00, 169, '27 inch 2K monitor', 1899.00, 52, 8, 'item', 4.60, 'monitor,2k,ips', 'VisionView', 'Accessory', 'Sharp 2K display for work and media.', 'IPS panel with wide viewing angles.', '<p>27 inch 2K display.</p>', '<p>27 inch 2K display.</p>', NOW()),
(1122, 21, 7, 'VisionView 32 4K', 'https://images.unsplash.com/photo-1545239351-1141bd82e8a6?auto=format&fit=crop&w=1200&q=80', 'AIM-DISP-V324K', 0, 1, 0, 1, 1, 189, 220, 2699.00, 2499.00, 269, '32 inch 4K monitor', 2999.00, 28, 5, 'item', 6.20, 'monitor,4k,large', 'VisionView', 'Accessory', 'Large 4K screen for editing and productivity.', 'High resolution panel for detailed work.', '<p>Large 4K desktop display.</p>', '<p>Large 4K desktop display.</p>', NOW()),
(1123, 22, 4, 'EchoBox Mini', 'https://images.unsplash.com/photo-1545454675-3531b543be5d?auto=format&fit=crop&w=1200&q=80', 'AIM-SPEAKER-EMINI', 0, 1, 0, 0, 1, 188, 1160, 199.00, 169.00, 19, 'Compact Bluetooth speaker', 239.00, 164, 20, 'item', 0.32, 'speaker,bluetooth,desk', 'EchoBox', 'Audio', 'Small speaker for desk and bedroom listening.', 'Easy to carry and simple to pair.', '<p>Compact Bluetooth speaker.</p>', '<p>Compact Bluetooth speaker.</p>', NOW()),
(1124, 22, 4, 'EchoBox Party 20', 'https://images.unsplash.com/photo-1512446816042-444d64126727?auto=format&fit=crop&w=1200&q=80', 'AIM-SPEAKER-P20', 0, 1, 0, 1, 1, 187, 540, 599.00, 529.00, 59, 'Louder Bluetooth speaker with stronger bass', 699.00, 72, 10, 'item', 1.85, 'speaker,bass,bluetooth', 'EchoBox', 'Audio', 'Living room and small party speaker with richer bass.', 'Supports wireless and wired audio input.', '<p>Bluetooth speaker with bigger sound.</p>', '<p>Bluetooth speaker with bigger sound.</p>', NOW()),
(1125, 23, 7, 'PowerDock 7 in 1', 'https://images.unsplash.com/photo-1588872657578-7efd1f1555ed?auto=format&fit=crop&w=1200&q=80', 'AIM-HUB-7IN1', 0, 1, 0, 0, 1, 186, 860, 229.00, 199.00, 22, 'USB C dock for notebook expansion', 269.00, 140, 15, 'item', 0.12, 'dock,type-c,office', 'PowerDock', 'Accessory', 'USB C dock with HDMI, USB and card reader ports.', 'Useful for light laptops and fixed desks.', '<p>USB C dock with common ports.</p>', '<p>USB C dock with common ports.</p>', NOW()),
(1126, 23, 7, 'PowerDock 11 in 1 Pro', 'https://images.unsplash.com/photo-1625842268584-8f3296236761?auto=format&fit=crop&w=1200&q=80', 'AIM-HUB-11IN1PRO', 0, 1, 0, 1, 1, 185, 510, 399.00, 359.00, 39, 'Expanded USB C dock with network port', 459.00, 96, 12, 'item', 0.18, 'dock,ethernet,desk', 'PowerDock', 'Accessory', 'More ports for workstations and meetings.', 'Good fit for desktop office layouts.', '<p>USB C dock with extra connectivity.</p>', '<p>USB C dock with extra connectivity.</p>', NOW()),
(1127, 24, 7, 'FlashDisk 1TB', 'https://images.unsplash.com/photo-1580910051074-3eb694886505?auto=format&fit=crop&w=1200&q=80', 'AIM-SSD-1TB', 0, 1, 0, 0, 1, 184, 970, 459.00, 419.00, 45, 'Portable SSD 1TB', 529.00, 118, 15, 'item', 0.07, 'ssd,portable,storage', 'FlashDisk', 'Accessory', 'Portable SSD for backup, photos and media files.', 'Small size and fast transfer speed.', '<p>Portable 1TB SSD.</p>', '<p>Portable 1TB SSD.</p>', NOW()),
(1128, 24, 7, 'FlashDisk 2TB', 'https://images.unsplash.com/photo-1593640408182-31c70c8268f5?auto=format&fit=crop&w=1200&q=80', 'AIM-SSD-2TB', 0, 1, 0, 1, 1, 183, 650, 799.00, 739.00, 79, 'Portable SSD 2TB', 899.00, 63, 10, 'item', 0.08, 'ssd,portable,2tb', 'FlashDisk', 'Accessory', 'Large capacity SSD for creators and backup use.', 'Better fit for heavy storage needs.', '<p>Portable 2TB SSD.</p>', '<p>Portable 2TB SSD.</p>', NOW()),
(1129, 25, 6, 'Breeze Ring', 'https://images.unsplash.com/photo-1575311373937-040b8e1fd5b6?auto=format&fit=crop&w=1200&q=80', 'AIM-RING-BREEZE', 0, 1, 1, 0, 1, 182, 390, 699.00, 629.00, 69, 'Smart ring for sleep and recovery tracking', 799.00, 46, 6, 'item', 0.01, 'ring,smart,sleep', 'Breeze', 'Wearable', 'Light smart ring for sleep and wellness data.', 'Designed for light all day wearing.', '<p>Smart ring for wellness tracking.</p>', '<p>Smart ring for wellness tracking.</p>', NOW()),
(1130, 26, 5, 'Aero Mini 13', 'https://images.unsplash.com/photo-1510557880182-3ce5d63b209c?auto=format&fit=crop&w=1200&q=80', 'AIM-PHONE-AEROMINI13', 0, 1, 1, 1, 1, 181, 1180, 2599.00, 2399.00, 259, 'Compact smartphone for one hand use', 2799.00, 69, 8, 'item', 0.17, 'phone,compact,portable', 'Aero', 'Phone', 'Compact smartphone with comfortable one hand grip.', 'Balanced camera, size and daily performance.', '<p>Compact smartphone with easy grip.</p>', '<p>Compact smartphone with easy grip.</p>', NOW());

INSERT INTO `pms_sku_stock`
(`id`, `product_id`, `sku_code`, `price`, `stock`, `low_stock`, `pic`, `sale`, `promotion_price`, `lock_stock`, `sp_data`)
VALUES
(2101, 1101, 'AIM-PAD-S1-8G256G-SILVER', 2199.00, 64, 8, 'https://images.unsplash.com/photo-1544244015-0df4b3ffc6b0?auto=format&fit=crop&w=1200&q=80', 430, 1999.00, 0, '[{"key":"color","value":"silver"},{"key":"config","value":"8G+256G"}]'),
(2102, 1102, 'AIM-PAD-S2PRO-12G256G-GRAY', 3299.00, 42, 6, 'https://images.unsplash.com/photo-1587033411391-5d9e51cce126?auto=format&fit=crop&w=1200&q=80', 260, 3099.00, 0, '[{"key":"color","value":"gray"},{"key":"config","value":"12G+256G"}]'),
(2103, 1103, 'AIM-NB-FB14-16G512G-GRAY', 4299.00, 58, 8, 'https://images.unsplash.com/photo-1496181133206-80ce9b88a853?auto=format&fit=crop&w=1200&q=80', 620, 3999.00, 0, '[{"key":"color","value":"gray"},{"key":"config","value":"16G+512G"}]'),
(2104, 1104, 'AIM-NB-FB16-16G1T-SILVER', 5299.00, 37, 5, 'https://images.unsplash.com/photo-1517336714739-489689fd1ca8?auto=format&fit=crop&w=1200&q=80', 350, 4999.00, 0, '[{"key":"color","value":"silver"},{"key":"config","value":"16G+1T"}]'),
(2105, 1105, 'AIM-GAME-G5-16G1T-BLACK', 6999.00, 29, 4, 'https://images.unsplash.com/photo-1603302576837-37561b2e2302?auto=format&fit=crop&w=1200&q=80', 210, 6699.00, 0, '[{"key":"color","value":"black"},{"key":"config","value":"16G+1T"}]'),
(2106, 1106, 'AIM-GAME-G7MAX-32G1T-BLACK', 8299.00, 21, 3, 'https://images.unsplash.com/photo-1593642634443-44adaa06623a?auto=format&fit=crop&w=1200&q=80', 140, 7899.00, 0, '[{"key":"color","value":"black"},{"key":"config","value":"32G+1T"}]'),
(2107, 1107, 'AIM-AUDIO-PODS-AIR-WHITE', 299.00, 180, 20, 'https://images.unsplash.com/photo-1606220945770-b5b6c2c55bf1?auto=format&fit=crop&w=1200&q=80', 980, 259.00, 0, '[{"key":"color","value":"white"}]'),
(2108, 1108, 'AIM-AUDIO-PODS-ANC-BLACK', 499.00, 133, 15, 'https://images.unsplash.com/photo-1505740420928-5e560c06d30e?auto=format&fit=crop&w=1200&q=80', 720, 439.00, 0, '[{"key":"color","value":"black"}]'),
(2109, 1109, 'AIM-AUDIO-STUDIO1-SILVER', 899.00, 88, 10, 'https://images.unsplash.com/photo-1546435770-a3e426bf472b?auto=format&fit=crop&w=1200&q=80', 310, 829.00, 0, '[{"key":"color","value":"silver"}]'),
(2110, 1110, 'AIM-PHONE-NOVAX20-12G256G-BLUE', 2999.00, 96, 12, 'https://images.unsplash.com/photo-1511707171634-5f897ff02aa9?auto=format&fit=crop&w=1200&q=80', 860, 2799.00, 0, '[{"key":"color","value":"blue"},{"key":"config","value":"12G+256G"}]'),
(2111, 1111, 'AIM-PHONE-NOVAX20PRO-12G512G-BLACK', 3999.00, 74, 10, 'https://images.unsplash.com/photo-1598327105666-5b89351aff97?auto=format&fit=crop&w=1200&q=80', 580, 3799.00, 0, '[{"key":"color","value":"black"},{"key":"config","value":"12G+512G"}]'),
(2112, 1112, 'AIM-PHONE-FOLDLITE-12G512G-GRAY', 5699.00, 24, 4, 'https://images.unsplash.com/photo-1580910051074-3eb694886505?auto=format&fit=crop&w=1200&q=80', 150, 5399.00, 0, '[{"key":"color","value":"gray"},{"key":"config","value":"12G+512G"}]'),
(2113, 1113, 'AIM-WATCH-FP2-BLACK', 899.00, 117, 12, 'https://images.unsplash.com/photo-1546868871-7041f2a55e12?auto=format&fit=crop&w=1200&q=80', 530, 799.00, 0, '[{"key":"color","value":"black"}]'),
(2114, 1114, 'AIM-WATCH-FP2PRO-SILVER', 1299.00, 81, 10, 'https://images.unsplash.com/photo-1579586337278-3befd40fd17a?auto=format&fit=crop&w=1200&q=80', 360, 1199.00, 0, '[{"key":"color","value":"silver"}]'),
(2115, 1115, 'AIM-BAND-AIR-PINK', 239.00, 220, 25, 'https://images.unsplash.com/photo-1510017803434-a899398421b3?auto=format&fit=crop&w=1200&q=80', 940, 199.00, 0, '[{"key":"color","value":"pink"}]'),
(2116, 1116, 'AIM-KEY-K87-WHITE', 329.00, 146, 18, 'https://images.unsplash.com/photo-1511467687858-23d96c32e4ae?auto=format&fit=crop&w=1200&q=80', 610, 289.00, 0, '[{"key":"color","value":"white"},{"key":"switch","value":"brown"}]'),
(2117, 1117, 'AIM-KEY-K98PRO-BLACK', 499.00, 102, 15, 'https://images.unsplash.com/photo-1615663245857-ac93bb7c39e7?auto=format&fit=crop&w=1200&q=80', 420, 439.00, 0, '[{"key":"color","value":"black"},{"key":"switch","value":"linear"}]'),
(2118, 1118, 'AIM-MOUSE-M3-WHITE', 129.00, 240, 25, 'https://images.unsplash.com/photo-1527814050087-3793815479db?auto=format&fit=crop&w=1200&q=80', 760, 109.00, 0, '[{"key":"color","value":"white"}]'),
(2119, 1119, 'AIM-MOUSE-M5ERGO-BLACK', 239.00, 133, 15, 'https://images.unsplash.com/photo-1587829741301-dc798b83add3?auto=format&fit=crop&w=1200&q=80', 390, 209.00, 0, '[{"key":"color","value":"black"}]'),
(2120, 1120, 'AIM-DISP-V24-BLACK', 899.00, 75, 10, 'https://images.unsplash.com/photo-1527443224154-c4a3942d3acf?auto=format&fit=crop&w=1200&q=80', 280, 799.00, 0, '[{"key":"color","value":"black"},{"key":"size","value":"24"}]'),
(2121, 1121, 'AIM-DISP-V27QHD-BLACK', 1699.00, 52, 8, 'https://images.unsplash.com/photo-1585792180666-f7347c490ee2?auto=format&fit=crop&w=1200&q=80', 210, 1499.00, 0, '[{"key":"color","value":"black"},{"key":"size","value":"27"}]'),
(2122, 1122, 'AIM-DISP-V324K-BLACK', 2699.00, 28, 5, 'https://images.unsplash.com/photo-1545239351-1141bd82e8a6?auto=format&fit=crop&w=1200&q=80', 120, 2499.00, 0, '[{"key":"color","value":"black"},{"key":"size","value":"32"}]'),
(2123, 1123, 'AIM-SPEAKER-EMINI-BLUE', 199.00, 164, 20, 'https://images.unsplash.com/photo-1545454675-3531b543be5d?auto=format&fit=crop&w=1200&q=80', 480, 169.00, 0, '[{"key":"color","value":"blue"}]'),
(2124, 1124, 'AIM-SPEAKER-P20-BLACK', 599.00, 72, 10, 'https://images.unsplash.com/photo-1512446816042-444d64126727?auto=format&fit=crop&w=1200&q=80', 250, 529.00, 0, '[{"key":"color","value":"black"}]'),
(2125, 1125, 'AIM-HUB-7IN1-GRAY', 229.00, 140, 15, 'https://images.unsplash.com/photo-1588872657578-7efd1f1555ed?auto=format&fit=crop&w=1200&q=80', 460, 199.00, 0, '[{"key":"color","value":"gray"}]'),
(2126, 1126, 'AIM-HUB-11IN1PRO-GRAY', 399.00, 96, 12, 'https://images.unsplash.com/photo-1625842268584-8f3296236761?auto=format&fit=crop&w=1200&q=80', 240, 359.00, 0, '[{"key":"color","value":"gray"}]'),
(2127, 1127, 'AIM-SSD-1TB-SILVER', 459.00, 118, 15, 'https://images.unsplash.com/photo-1580910051074-3eb694886505?auto=format&fit=crop&w=1200&q=80', 520, 419.00, 0, '[{"key":"color","value":"silver"},{"key":"capacity","value":"1TB"}]'),
(2128, 1128, 'AIM-SSD-2TB-SILVER', 799.00, 63, 10, 'https://images.unsplash.com/photo-1593640408182-31c70c8268f5?auto=format&fit=crop&w=1200&q=80', 310, 739.00, 0, '[{"key":"color","value":"silver"},{"key":"capacity","value":"2TB"}]'),
(2129, 1129, 'AIM-RING-BREEZE-SILVER', 699.00, 46, 6, 'https://images.unsplash.com/photo-1575311373937-040b8e1fd5b6?auto=format&fit=crop&w=1200&q=80', 120, 629.00, 0, '[{"key":"color","value":"silver"},{"key":"size","value":"10"}]'),
(2130, 1130, 'AIM-PHONE-AEROMINI13-8G256G-GREEN', 2599.00, 69, 8, 'https://images.unsplash.com/photo-1510557880182-3ce5d63b209c?auto=format&fit=crop&w=1200&q=80', 540, 2399.00, 0, '[{"key":"color","value":"green"},{"key":"config","value":"8G+256G"}]');

INSERT INTO `sms_home_recommend_product`
(`id`, `product_id`, `product_name`, `recommend_status`, `sort`)
VALUES
(11, 1101, 'AIM Study Pad S1', 1, 95),
(12, 1103, 'FeatherBook Air 14', 1, 94),
(13, 1108, 'SoundArc Pods ANC', 1, 93),
(14, 1110, 'Nova X20', 1, 92),
(15, 1121, 'VisionView 27 QHD', 1, 91);
